bids_name	aor	aqi	dummy_trs	dvars_nstd	dvars_std	dvars_vstd	efc	fber	fd_mean	fd_num	fd_perc	fwhm_avg	fwhm_x	fwhm_y	fwhm_z	gcor	gsr_x	gsr_y	size_t	size_x	size_y	size_z	snr	spacing_tr	spacing_x	spacing_y	spacing_z	summary_bg_k	summary_bg_mad	summary_bg_mean	summary_bg_median	summary_bg_n	summary_bg_p05	summary_bg_p95	summary_bg_stdv	summary_fg_k	summary_fg_mad	summary_fg_mean	summary_fg_median	summary_fg_n	summary_fg_p05	summary_fg_p95	summary_fg_stdv	tsnr
sub-CTL01_task-rest_bold	0.001492070707070707	0.00961448909090909	0	23.903379120812176	1.283311568426397	0.9678247712690353	0.520723217185446	1824.2513427734375	0.2007478029570269	66	33.333333333333336	1.6469038000504204	1.6028933333333333	1.81414	1.5236780668179277	0.0744789	-0.00668800063431263	0.023101236671209335	198	64	64	39	5.539180376465701	2.5	3.0	3.0	3.509999990463257	86.78293197485306	10.041260094264398	32.73461151123047	16.227272033691406	94435.0	7.797979831695557	110.60404357910159	57.416744232177734	4.085164721088827	99.80612272838722	720.2695922851562	701.3939208984375	30786.0	564.5340881347656	932.26513671875	126.62207794189453	66.05386696686037
sub-CTL02_task-rest_bold	0.000977929292929293	0.0026911046464646463	0	17.72413991071067	1.2474016951269038	0.9851780022335023	0.5451688605849576	1257.4388427734375	0.08195041125833956	2	1.0101010101010102	1.7807120433313806	1.72206	1.9130533333333333	1.7070227966608085	0.181132	-0.005446049850434065	0.03299770876765251	198	64	64	39	4.558667801263692	2.5	3.0	3.0	3.509999990463257	48.33767825420495	13.448250797777188	39.09156036376953	19.25757598876953	90295.0	7.929293155670166	132.28585205078141	69.17452239990234	1.8976690214941048	127.66852939858562	724.8229370117188	694.434326171875	34188.0	547.8030395507812	1032.5252685546875	152.33050537109375	93.38641213369556
sub-CTL03_task-rest_bold	0.00868908163265306	0.02159252112244898	2	21.54539745030768	1.133840349897436	0.889809514564102	0.5427838899219619	1251.4229736328125	0.10309860119987134	24	12.244897959183673	1.7099016538978387	1.6930166666666666	1.8067566666666668	1.6299316283601821	0.00759593	0.014567730017006397	0.02830819971859455	196	64	64	39	4.965441003199077	2.5	3.0	3.0	3.509999990463257	32.9305180248275	17.6475038097887	51.03053283691406	22.61224365234375	93602.0	8.755102157592773	192.90535125732404	82.88610076904297	1.5993739044920199	129.23601204195438	828.8667602539062	798.3622436523438	31914.0	628.2573791503906	1147.1688049316406	160.78123474121094	45.8598922053352
sub-CTL04_task-rest_bold	0.0006684771573604061	0.006222941725888326	1	24.242711592755118	1.2542874676530613	0.9611052667857143	0.5414892352615063	1372.3035888671875	0.22435870458711676	118	59.898477157360404	1.76605015347847	1.7406466666666667	1.8663299999999998	1.6911737937687437	0.0205805	-0.002273439895361662	0.026241285726428032	197	64	64	39	4.846463923393538	2.5	3.0	3.0	3.509999990463257	44.09401007670381	11.311426539948961	37.58464813232422	17.142131805419922	91858.0	7.436548233032227	140.82258911132791	65.4279556274414	4.064303211465826	99.50365703531136	673.2089233398438	648.373046875	32650.0	514.7893310546875	912.2954193115235	133.78065490722656	77.02334872470237
sub-CTL05_task-rest_bold	0.00044558375634517767	0.005744869187817259	1	24.121024423928564	1.163772979642857	0.9625745011734702	0.5600582558860814	741.6271362304688	0.27048276534124116	148	75.1269035532995	1.6603340755218436	1.6555566666666666	1.72689	1.5985555598988643	0.0665594	0.00015499941946472973	0.02776050940155983	197	64	64	39	5.021810636445017	2.5	3.0	3.0	3.509999990463257	41.0546602084908	20.726327295656223	53.71398162841797	26.055837631225586	91856.0	8.766497611999512	193.44795989990234	83.1351318359375	1.8848875773295797	125.84436943632089	745.4926147460938	723.44921875	32148.0	557.26064453125	1002.4390747070312	144.05918884277344	70.82915955781937
sub-CTL06_task-rest_bold	0.0040867676767676765	0.012451448232323234	0	24.46984628015228	1.3515873383248735	0.9875817470050764	0.5174318760981934	2065.302490234375	0.2235007549985447	85	42.92929292929293	1.7174212076141069	1.6176766666666669	1.8383533333333333	1.6962336228423203	0.0373483	-0.010839726775884628	0.035591304302215576	198	64	64	39	5.283222837149102	2.5	3.0	3.0	3.509999990463257	76.93075084556335	9.71179419141396	35.30368423461914	16.712121963500977	94569.0	8.439393997192383	110.3343460083007	65.93778228759766	2.6771042115965864	100.27780632604106	798.6534423828125	767.8585815429688	31353.0	633.6626342773437	1107.184838867187	145.33673095703125	60.62952234479599
sub-CTL07_task-rest_bold	0.0028383163265306125	0.011150981734693878	2	26.337683310923072	1.1861259914358981	0.9481580248205125	0.5076185222483417	1776.2247314453125	0.3539566378071496	142	72.44897959183673	1.863035908559584	1.8213666666666668	1.9712766666666666	1.7964643923454184	0.0620511	-0.009252909570932388	0.024786503985524178	196	64	64	39	4.700301131944831	2.5	3.0	3.0	3.509999990463257	68.80800351495199	8.237518545769818	30.234119415283203	14.96938705444336	97021.0	8.086734771728516	90.2193832397461	53.91275405883789	2.6615325482370578	89.29646922751138	667.0560302734375	639.642822265625	28728.0	511.2762680053711	971.9969299316405	136.0831298828125	57.23333314876072
sub-CTL08_task-rest_bold	0.0005407575757575757	0.006906700757575758	0	25.14988635888325	1.4274678922842647	0.9636088372588827	0.5383531364929545	1394.0162353515625	0.09615225201371168	4	2.0202020202020203	1.5779503147670921	1.5446900000000001	1.66899	1.5201709443012763	0.0887996	-0.004997112322598696	0.030069122090935707	198	64	64	39	6.216911549345602	2.5	3.0	3.0	3.509999990463257	53.59551678570535	12.542213909259853	40.65363693237305	18.22222137451172	93858.0	7.78787899017334	156.49065628051756	75.4183578491211	2.750552928564307	98.3309407602428	707.1024780273438	694.45703125	31290.0	560.2641326904297	895.9305755615234	111.70272064208984	80.55687776603736
sub-CTL09_task-rest_bold	0.001727979797979798	0.016387258737373737	0	26.328671556903565	1.1107009193401016	0.9277984661928934	0.5794502392392172	1352.454833984375	0.37775844680498344	129	65.15151515151516	1.7341526985958275	1.6262633333333334	1.8760266666666665	1.7001680957874834	0.0625575	0.006163404323160648	0.03355303779244423	198	64	64	39	5.078788567819579	2.5	3.0	3.0	3.509999990463257	35.45788795069849	12.927842114815352	45.58524703979492	17.775253295898438	85428.0	7.294696903228761	174.49974746704092	77.61554718017578	3.431709013816172	100.29653793366012	685.583984375	661.1893920898438	38298.0	534.4027618408203	933.4800323486329	130.1847381591797	46.969047986436635
sub-CTL10_task-rest_bold	0.0010805050505050505	0.004503145050505051	0	23.692836848375645	1.386546150761421	0.9753161844670052	0.5595531193035896	1559.526123046875	0.11129419824113862	28	14.141414141414142	1.6494890992241904	1.58732	1.8060333333333334	1.555113964339237	0.0929881	-0.008567549288272858	0.03559666499495506	198	64	64	39	4.855137032556921	2.5	3.0	3.0	3.509999990463257	36.24838314334898	12.310090719131466	41.54347229003906	17.646465301513672	87394.0	7.818181991577148	154.90605773925765	69.41019439697266	2.048439779315241	119.29708438288243	750.9034423828125	720.8282470703125	35866.0	578.8383636474609	1047.7916259765625	148.46505737304688	83.400241792202
sub-CTL11_task-rest_bold	0.002044213197969543	0.011154769441624366	1	21.022906868112255	1.273048653979591	0.9573092005102041	0.5263115837797802	1549.1649169921875	0.08545082091179869	6	3.045685279187817	1.5989232587447713	1.5405266666666666	1.7271633333333334	1.5290797762343138	0.0181971	-0.006372896488755941	0.029502900317311287	197	64	64	39	6.121455714214949	2.5	3.0	3.0	3.509999990463257	59.078661711909035	9.603046802736646	33.83921813964844	16.36040496826172	94909.0	8.040609359741211	113.92284088134753	57.43035888671875	5.195551484480175	79.69176955269543	668.3417358398438	653.3121337890625	29976.0	536.2677612304688	851.7385559082031	106.72318267822266	75.05705737718381
sub-CTL12_task-rest_bold	0.0019824747474747476	0.007130780656565658	0	18.766115367360406	1.164447518781726	0.9933296150253806	0.5317741760554822	1514.133056640625	0.2246258519459615	102	51.515151515151516	1.6885609151142968	1.6777533333333334	1.79826	1.5896694120095574	0.096793	0.0036526722833514214	0.021981749683618546	198	64	64	39	5.786910587618571	2.5	3.0	3.0	3.510000228881836	37.82976410058783	10.887393448663627	39.83146667480469	17.656564712524414	94979.0	8.782828330993652	147.1777832031249	66.9549331665039	4.178883830513024	94.74053498487373	716.4837036132812	700.5404052734375	30098.0	562.3855895996094	920.7994934082031	121.05401611328125	70.82087613455951
sub-CTL13_task-rest_bold	0.0005267171717171717	0.005617213686868688	0	28.52038938284265	1.2349885391878173	0.9803857213705586	0.5470854531914988	1395.0418701171875	0.2690261837585892	157	79.29292929292929	1.780895129703368	1.7611299999999999	1.9272733333333332	1.6542820557767701	0.0675246	-0.00032389574334956706	0.030009711161255836	198	64	64	39	5.110632298163835	2.5	3.0	3.0	3.509999990463257	46.76417682169592	14.75863194635285	43.720069885253906	20.15151596069336	90692.0	8.1010103225708	151.22626953124995	70.619140625	2.447005627189373	115.48569993212331	797.23388671875	772.2222290039062	33557.0	605.5171630859376	1097.1212158203125	151.09886169433594	75.8335488322191
sub-CTL14_task-rest_bold	0.0014940816326530614	0.005978396785714287	2	22.604207689025642	1.1470905948717947	0.9579370718974353	0.5798834392333061	835.4915771484375	0.20478871194655313	85	43.36734693877551	1.7520151867072202	1.69939	1.8761	1.68055556012166	0.0295451	0.021677041426301003	0.02884853072464466	196	64	64	39	4.317428858973847	2.5	3.0	3.0	3.509999990463257	21.934157179604437	22.004538944190458	59.767818450927734	25.974489212036133	86450.0	8.760204315185547	224.43162765502947	90.49796295166016	1.4183805361140536	138.4114683315481	807.7280883789062	767.892822265625	36903.0	592.6076293945313	1168.366796875	177.85641479492188	68.62074054591358
sub-CTL15_task-rest_bold	0.006254619289340101	0.01382422456852792	1	33.253122417602036	1.2305440773469383	1.0185291959693878	0.5754185273959146	1205.36962890625	0.4260602032030456	160	81.21827411167513	1.6946697525237617	1.6549933333333333	1.8397166666666667	1.5892992575712848	0.027406	0.006752257235348225	0.025041690096259117	197	64	64	39	5.11048107007213	2.5	3.0	3.0	3.5099997520446777	33.78225597968207	13.27568614537054	47.36332702636719	19.233501434326172	86162.0	8.842638969421387	189.9842636108398	78.83811950683594	2.611030509371486	96.83947043764702	705.7552490234375	682.8857421875	37226.0	540.4390716552734	970.6129150390625	133.6227569580078	50.508273331448436
sub-ODN01_task-rest_bold	0.003725757575757576	0.013374334393939393	0	24.19204877472084	1.295963720203046	0.950054665329949	0.5475234965420003	1435.4024658203125	0.12950897818474993	22	11.11111111111111	1.677149232243946	1.6520400000000002	1.7511	1.6283076967318384	0.0394963	-0.0051890588365495205	0.020793147385120392	198	64	64	39	4.69283312412397	2.5	3.0	3.0	3.509999990463257	29.612283418973824	13.268541609342527	41.70552062988281	17.83333396911621	90396.0	6.5757575035095215	164.19950103759766	68.026123046875	3.1905245912900186	103.68478713211626	725.6918334960938	693.7601318359375	33458.0	554.7813171386719	1022.9401580810545	147.83175659179688	51.17567795305513
sub-ODN02_task-rest_bold	0.0013921717171717172	0.008009278333333333	0	22.488952738375644	1.4195870207106607	0.9884917482741122	0.5145876022991797	2139.643798828125	0.14071887054567367	23	11.616161616161616	1.6501037146065298	1.6073633333333335	1.7903466666666665	1.5526011438195892	0.055904	-0.002025865251198411	0.02780047431588173	198	64	64	39	6.402246455113233	2.5	3.0	3.0	3.509999990463257	103.96411197787748	9.80913690413601	32.62779235839844	15.38888931274414	95341.0	6.666666507720947	105.51010131835938	64.72930145263672	4.8151889583736285	78.72016920967208	737.43017578125	721.5757446289062	29675.0	600.8439514160157	932.0383789062498	112.70475006103516	86.1375977108255
sub-ODN03_task-rest_bold	0.0028325252525252527	0.004557443939393939	0	19.46734777949239	1.28374646213198	0.9926517626903555	0.5082187415646189	2138.652587890625	0.11244550179802822	20	10.1010101010101	1.6462771049413003	1.6196466666666665	1.7429766666666666	1.5762079814905672	0.0440132	0.00011946968879783526	0.035967666655778885	198	64	64	39	5.007584946844175	2.5	3.0	3.0	3.509999990463257	52.19788194394437	9.502132528960418	32.31065368652344	14.722222328186035	96116.0	6.681818008422852	112.64772415161133	62.35791015625	3.0564707712265227	113.16442844108903	715.9774169921875	691.1060791015625	29401.0	556.2828369140625	976.8030395507812	138.00950622558594	84.73371990723535
sub-ODN04_task-rest_bold	0.0013683838383838384	0.011193500404040404	0	22.775452483502544	1.170340276954315	0.9543760736040604	0.5200494298343954	1564.915283203125	0.29702983313219705	142	71.71717171717172	1.7091936766902018	1.6790466666666666	1.8182266666666667	1.6303076967372723	0.0687519	-0.009211023338139057	0.028588874265551567	198	64	64	39	5.175249348398862	2.5	3.0	3.0	3.509999990463257	73.1614537675821	13.11878489492675	42.67415237426758	19.272727966308594	96482.0	8.828282356262207	150.36716766357412	76.61783599853516	2.185505799234292	112.3932653486754	795.7355346679688	770.388916015625	29492.0	604.0515167236329	1089.0424560546871	148.85772705078125	58.50213245744817
sub-ODN05_task-rest_bold	0.001958131313131313	0.006998626666666667	0	17.280716169695435	1.2119788468020305	0.9649309678172587	0.5206400644032454	2123.77392578125	0.09315092888118927	10	5.05050505050505	1.8057755001622926	1.7102766666666664	1.9549899999999998	1.752059833820212	0.0858175	-0.009064610116183758	0.03361757844686508	198	64	64	39	4.7855826034345315	2.5	3.0	3.0	3.509999990463257	71.37873910189013	9.060347676378488	35.07796096801758	15.782828330993652	93751.0	7.9242424964904785	114.28282928466797	68.1948471069336	2.676838412725929	109.0985836974565	765.5845947265625	734.257568359375	31507.0	591.3984802246093	1095.538842773437	153.42874145507812	75.14542020857334
sub-ODN06_task-rest_bold	0.0009670202020202021	0.0034526335353535355	0	16.366756913604053	1.1369341908121828	0.9737092301015228	0.5779049026473818	1474.2099609375	0.12982478660801203	29	14.646464646464647	1.8898063169831396	1.8167833333333334	1.9827666666666666	1.8698689509494189	0.157411	-0.002007418777793646	0.03215394914150238	198	64	64	39	4.392885460006548	2.5	3.0	3.0	3.509999990463257	31.024812108817315	17.14726822553647	56.29771423339844	21.92424201965332	83505.0	8.237373352050781	219.2444396972659	92.51670837402344	1.450775199525438	147.94576611879097	934.8294677734375	889.3838500976562	38925.0	676.1252319335938	1343.7061035156244	202.45745849609375	85.22494047507644
sub-ODN07_task-rest_bold	0.0010251515151515152	0.012983618484848485	0	18.98128533233502	1.0281570031472076	0.9312503354314722	0.5227013968924767	1260.5538330078125	0.18331371004946564	67	33.83838383838384	1.7632166396938196	1.7198166666666665	1.8946366666666667	1.6751965857481252	0.0315645	-0.010696186684072018	0.02514524944126606	198	64	64	39	5.22337427548803	2.5	3.0	3.0	3.509999990463257	28.73586210360289	14.264430264237879	45.959529876708984	20.696969985961914	98495.0	9.303030014038086	164.79292297363222	69.65860748291016	2.869607978159129	102.80123439398828	765.5172729492188	739.757568359375	27673.0	591.5110961914063	1038.4828369140625	141.6219024658203	57.34414816007484
sub-ODN08_task-rest_bold	0.0006363775510204082	0.0029059250510204086	2	13.373914693641026	1.1131746434358971	0.968982073435898	0.5175157426381812	1311.4677734375	0.04284040843922368	0	0.0	1.648190533240701	1.6259933333333334	1.7431366666666666	1.575441599722103	0.0246551	-0.006042985245585442	0.034099407494068146	196	64	64	39	4.846679866602949	2.5	3.0	3.0	3.509999990463257	79.20428747753354	13.532526065027065	37.502357482910156	19.295917510986328	95813.0	7.760203838348389	116.3142852783202	70.09105682373047	2.1401807187878052	123.81239721851429	739.6871337890625	714.1836547851562	29311.0	556.4923095703125	1019.3418273925781	147.35272216796875	98.76037636958063
sub-ODN09_task-rest_bold	0.0009680808080808082	0.005812746515151516	0	20.86007661852792	1.25718058177665	0.9879082303553302	0.5127986703711365	1626.3790283203125	0.0994771682579143	8	4.040404040404041	1.7171478267565314	1.6210933333333333	1.8792333333333333	1.651116813602928	0.139907	-0.014303024858236313	0.024896737188100815	198	64	64	39	5.3816512168089705	2.5	3.0	3.0	3.509999990463257	40.243176811980476	11.27676288563217	38.028560638427734	18.196969985961914	97618.0	7.954545497894287	124.17171478271484	62.926876068115234	3.3603254652625187	95.96112092385766	766.0729370117188	745.8283081054688	28416.0	586.5138854980469	1025.9002380371094	138.58482360839844	78.03077964496333
sub-ODN10_task-rest_bold	0.0007172727272727273	0.00784560101010101	0	30.145717330355332	1.1891991200507606	0.9706069249238578	0.5481393675468953	1217.4754638671875	0.31522704056201545	172	86.86868686868686	1.7745767062129054	1.7255500000000001	1.87622	1.7219601186387155	0.078592	-0.007143112830817699	0.019204366952180862	198	64	64	39	5.5082544620028555	2.5	3.0	3.0	3.509999990463257	37.64785038090928	14.519019223800084	42.388179779052734	20.393939971923828	91472.0	8.505050659179688	149.7800437927246	65.11669158935547	2.944383625031481	85.64276509692719	748.1017456054688	726.7601318359375	32706.0	583.1919097900391	1017.0871276855469	131.93817138671875	72.53125765174627
sub-ODN11_task-rest_bold	0.0009321717171717173	0.009258731363636363	0	31.73414177111676	1.1870556209644674	0.9672446213197972	0.5887521856345904	880.530517578125	0.28370953879445887	140	70.70707070707071	1.7917584533939481	1.7755866666666666	1.9142700000000001	1.685418693515178	0.0652145	0.008529538288712502	0.032542843371629715	198	64	64	39	4.975536776920356	2.5	3.0	3.0	3.510000228881836	24.86834316339259	16.443406294887616	51.586368560791016	20.92424201965332	86201.0	8.459595680236816	190.7929229736328	79.31292724609375	4.266184499180339	95.80013768736345	664.5777587890625	642.7070922851562	36766.0	510.56690979003906	888.6313018798828	129.17166137695312	57.667923958506435
sub-ODN12_task-rest_bold	0.007998010204081632	0.012257432397959183	2	20.105051373230765	1.0974755957435895	0.97648300451282	0.6021019034234767	854.9081420898438	0.2302111421597918	78	39.795918367346935	1.8390482542289692	1.76711	1.9642	1.785834762686908	0.03084	0.012310565449297428	0.03200391307473183	196	64	64	39	5.5571430643062065	2.5	3.0	3.0	3.509999990463257	26.026311154881295	17.43948724285635	51.27415084838867	22.334182739257812	82248.0	8.316326141357422	198.35612182617152	77.10484313964844	3.7112807047403935	89.25113330762177	692.6270751953125	678.8673095703125	40060.0	521.2084014892578	903.0640228271482	122.15968322753906	57.23635907401331
sub-ODN13_task-rest_bold	0.0005113705583756346	0.004708506040609137	1	19.32817448423469	1.1672007985204083	0.9568517774489792	0.5732665986504168	1059.05078125	0.1579441407518412	32	16.243654822335024	1.7748248163599945	1.69489	1.9234733333333331	1.7061111157466506	0.0310111	0.00038164472789503634	0.02333589270710945	197	64	64	39	4.280438062922284	2.5	3.0	3.0	3.509999990463257	37.47913335746441	16.308622989641965	47.833335876464844	21.218273162841797	85175.0	8.228425979614258	171.77664184570312	75.10177612304688	2.0970113417369376	125.58095054849926	752.6102905273438	716.2613525390625	37682.0	561.9603668212891	1094.1032653808593	167.33143615722656	75.7850506156683
sub-ODN14_task-rest_bold	0.0035818686868686876	0.022862170707070705	0	30.57560133096446	1.027715792233503	0.9318043824365483	0.5898767110282137	1248.1131591796875	0.6013431060554373	160	80.8080808080808	1.738702223743452	1.6531633333333333	1.8832766666666665	1.6796666712303558	0.0135611	0.011031382717192173	0.04138654097914696	198	64	64	39	5.250819283219125	2.5	3.0	3.0	3.509999990463257	37.54663219837225	15.380124573449782	51.9465446472168	20.72222137451172	82805.0	7.888888835906982	200.54444580078126	86.43883514404297	2.4921693100905618	121.38615633212683	772.0018920898438	748.7322998046875	39723.0	584.324755859375	1022.9580810546876	142.5916290283203	34.748605466098525
sub-ODN15_task-rest_bold	0.0006924747474747476	0.005859556616161616	0	31.288054839441617	1.1832911181218273	0.9811325809644674	0.5663016991809035	1303.6395263671875	0.324207676280673	138	69.6969696969697	1.7914623567761891	1.7345566666666665	1.8726366666666667	1.7671937369952344	0.035439	0.005574673414230347	0.013361086137592793	198	64	64	39	4.524659492643628	2.5	3.0	3.0	3.509999990463257	42.65310541196242	13.875059413349677	43.54314041137695	19.015151977539062	86665.0	8.112120819091796	156.21616821289064	69.59929656982422	2.3654454501133797	102.54668361025682	736.2998657226562	698.9444580078125	37209.0	561.6424438476563	1074.0091064453122	154.472412109375	72.03031504154205
sub-ODP01_task-rest_bold	0.0006115151515151515	0.0041174713131313136	0	23.65368845005077	1.2743997992385785	0.9853150265989853	0.595805081242717	926.7825927734375	0.17174815085398223	61	30.80808080808081	1.7625021952729227	1.6819	1.9044100000000002	1.7011965858187676	0.171957	-0.0032244136091321707	0.03751913085579872	198	64	64	39	4.561351416437799	2.5	3.0	3.0	3.509999990463257	35.13362261236149	17.162243048626255	54.649681091308594	21.86868667602539	82842.0	8.6972225189209	210.74721527099607	89.71598815917969	2.440530866169114	114.31008794959672	732.4906616210938	703.2853393554688	39496.0	547.4886322021484	1045.1199951171875	154.1815948486328	77.80554217752069
sub-ODP02_task-rest_bold	0.006727424242424241	0.010862127525252525	0	29.850020490913714	1.2893087608629443	1.0246466092385784	0.5340506555348341	1571.548828125	0.28647847888574235	129	65.15151515151516	1.722331103090239	1.6861733333333333	1.85131	1.629509975937384	0.0629135	-0.011261248029768467	0.03455502912402153	198	64	64	39	4.919187855167774	2.5	3.0	3.0	3.509999990463257	57.388067914767234	9.876527142839178	37.569236755371094	15.540404319763184	93738.0	7.277777671813965	138.7850944519042	73.18303680419922	2.9229394268490925	91.79406215548158	652.0130615234375	624.1136474609375	31196.0	502.28282165527344	904.8472290039062	126.87127685546875	58.98815754568204
sub-ODP03_task-rest_bold	0.002641015228426396	0.008557312030456853	1	30.56894452234692	1.156609252857143	0.9765082872959179	0.5834032337951394	950.8939208984375	0.3188523882441496	145	73.60406091370558	1.9616632211249005	1.8674533333333334	2.083416666666667	1.9341196633747015	0.0627319	-0.005380925256758928	0.050905827432870865	197	64	64	39	4.033824610418253	2.5	3.0	3.0	3.509999990463257	56.16290437025743	21.881551970645123	59.014007568359375	26.626903533935547	82630.0	9.532994270324707	196.6687805175782	99.99928283691406	0.9258896362879772	162.22074422367183	886.0916137695312	848.5126953125	39832.0	586.356332397461	1296.6484130859374	210.34678649902344	50.21665746695362
sub-ODP04_task-rest_bold	0.0023676767676767676	0.006937761515151517	0	24.959694847918783	1.220772285532995	0.9977484159390858	0.5595506211513347	1338.2393798828125	0.26213354566956026	140	70.70707070707071	1.7472029169812844	1.6976066666666665	1.8858966666666666	1.65810541761052	0.0862678	-0.014799094758927822	0.022880928590893745	198	64	64	39	4.807807696705108	2.5	3.0	3.0	3.509999990463257	80.97627747728517	13.672885869400856	39.5222282409668	18.70707130432129	86815.0	7.904040336608887	128.47929229736332	64.05281066894531	2.831532840828457	114.22778651418835	733.6226806640625	707.0252685546875	36190.0	552.9108642578125	1016.0997406005858	147.05569458007812	66.36249751667492
sub-ODP05_task-rest_bold	0.0014463636363636363	0.007846603484848485	0	21.798965647309657	1.1593659999999997	0.9690058862944162	0.5939009793974506	973.696044921875	0.2443845938745578	114	57.57575757575758	1.854174419966349	1.7700866666666668	2.0088666666666666	1.783569926565714	0.0716891	0.006829005666077137	0.03563543036580086	198	64	64	39	4.452943666769236	2.5	3.0	3.0	3.5099997520446777	26.622680024083284	16.36852652376007	49.29914474487305	20.409090042114258	82572.0	7.040403842926025	193.8802993774412	76.31805419921875	2.5588098838972337	99.3942535879131	684.06591796875	654.2373657226562	39697.0	506.9828186035156	994.1010253906247	146.92059326171875	60.570504917996004
sub-ODP06_task-rest_bold	0.0012335353535353536	0.0036510858080808077	0	22.008952930203044	1.2429524549238578	0.9996411437563445	0.5861761827981393	1119.59716796875	0.1129317950745239	22	11.11111111111111	1.8617054527376748	1.8091366666666666	1.9590366666666668	1.8169430248796918	0.174088	-0.0029132026247680187	0.041267767548561096	198	64	64	39	4.343875488114982	2.5	3.0	3.0	3.509999990463257	39.03930084806494	13.57554598451812	41.9890022277832	18.646465301513672	82436.0	7.469696998596191	147.66288375854492	67.33246612548828	1.9335019665841457	113.49024077554516	683.4085083007812	650.4217529296875	40028.0	510.63155975341795	1009.7775390625001	149.73118591308594	76.35680575156584
sub-ODP07_task-rest_bold	0.0009317171717171719	0.005241352222222223	0	25.60717498482233	1.1616214960406095	0.9878156722335026	0.597225051377513	620.1358642578125	0.2544995811105085	136	68.68686868686869	1.7796514830354162	1.7254766666666665	1.8977000000000002	1.715777782439582	0.0612388	0.013391854241490364	0.028000902384519577	198	64	64	39	4.572816114243437	2.5	3.0	3.0	3.509999990463257	17.076756557574846	24.46293801926209	64.06623840332031	28.717172622680664	85257.0	10.307070541381837	240.56464843749995	87.41545867919922	1.634977958762832	125.14881145581899	761.2593994140625	734.2979736328125	37980.0	544.2739837646484	1075.8656677246092	160.5768280029297	68.31159879779443
sub-ODP08_task-rest_bold	0.0010257868020304567	0.00659453883248731	1	22.44837068984692	1.3073220682142859	0.9716893581122458	0.5481062287924928	1417.1619873046875	0.09331800158831728	8	4.060913705583756	1.691523790666208	1.6544166666666669	1.7723000000000002	1.6478547053319565	0.0955978	-0.007362664677202702	0.030380235984921455	197	64	64	39	4.770620812472793	2.5	3.0	3.0	3.509999990463257	87.12055988830487	12.56072635933204	35.78071975708008	18.593908309936523	88203.0	8.020304679870605	111.8071060180664	63.28820037841797	2.4477300718849078	115.4849760052588	741.3610229492188	709.289306640625	35595.0	571.1411193847656	1040.8060302734373	148.67652893066406	77.56203875178471
sub-ODP09_task-rest_bold	0.010104314720812182	0.007330684670050761	1	14.139401114846944	1.0969868306632655	1.042296364591837	0.5508012252485983	1860.8929443359375	0.12730343650401027	16	8.121827411167512	1.856876630294512	1.86058	1.9273433333333332	1.7827065575502035	0.0603923	-0.00034903778578154743	0.0292990542948246	197	64	64	39	4.3465261353205396	2.5	3.0	3.0	3.509999990463257	51.811754563284566	10.588940459574996	38.420570373535156	17.426395416259766	87233.0	7.934010028839111	132.96852416992166	65.99465942382812	1.092862587690007	139.7710029830879	807.2294921875	767.9390869140625	36225.0	593.0680053710937	1171.9228515624998	176.67637634277344	62.382606300059706
sub-ODP10_task-rest_bold	0.0005315151515151514	0.006704643585858587	0	21.72220902989848	1.1883413078680203	0.9621958694416244	0.5381227456758086	1665.0318603515625	0.117738246463682	14	7.070707070707071	1.634985680428551	1.5951733333333333	1.74608	1.5637037079523193	0.0593858	-0.0005200982559472322	0.02413114905357361	198	64	64	39	5.627194599903569	2.5	3.0	3.0	3.509999990463257	43.527369724149665	9.966381737056508	38.936702728271484	17.636363983154297	92204.0	9.292929649353027	135.51641464233376	68.11914825439453	2.8796966796275143	96.10708267791343	755.0744018554688	734.727294921875	32671.0	586.4520263671875	1000.7626342773438	130.56524658203125	74.34577587246895
sub-ODP11_task-rest_bold	0.0007715656565656565	0.003787981161616162	0	21.505803064365494	1.3573568878680204	0.9705267299492384	0.516499861376299	2119.639892578125	0.11839840196244757	14	7.070707070707071	1.8301157193108664	1.7972233333333334	1.9817533333333335	1.7113704912659322	0.0871972	-0.00866057351231575	0.024564797058701515	198	64	64	39	4.78266815449694	2.5	3.0	3.0	3.5099997520446777	64.05394876095853	8.543683052669012	30.7437801361084	15.030303001403809	93733.0	7.520202159881592	100.28787994384766	53.79319381713867	2.5242166841350224	107.05439521381139	735.200439453125	704.2373657226562	30763.0	564.6227172851562	1049.8177124023434	147.2454071044922	93.14325726404786
sub-ODP12_task-rest_bold	0.002262323232323232	0.020157650505050508	0	33.65879388030456	1.0860459256852795	0.9224800764467006	0.5335965526341222	1663.5755615234375	0.32275556624034335	141	71.21212121212122	1.7123663737065347	1.6658166666666665	1.8848066666666667	1.5864757877862712	0.0193558	-0.009816192090511322	0.03345346450805664	198	64	64	39	4.515103206929972	2.5	3.0	3.0	3.509999990463257	60.03975656233126	8.386436805828856	31.37476348876953	15.525252342224121	91088.0	7.939393997192383	98.80101165771472	56.00603103637695	1.5099101479797312	114.53473150473833	673.7195434570312	642.9242553710938	33422.0	507.3436965942383	968.0123596191405	142.3920135498047	37.42904109857045
sub-ODP13_task-rest_bold	0.0005560913705583756	0.006759532436548223	1	15.227494395255105	1.027773455255102	0.9353414791836737	0.5312576193483963	2034.410888671875	0.06649455526077054	5	2.5380710659898478	1.7593801154622162	1.7131133333333333	1.90648	1.6585470130533155	0.0615309	-0.005162074230611324	0.03495429828763008	197	64	64	39	4.965116418486579	2.5	3.0	3.0	3.509999990463257	45.72763141931954	9.520263220725152	39.867897033691406	16.568527221679688	92633.0	8.598984718322754	146.13197326660156	73.05032348632812	2.876658505229459	102.23937665627459	793.5831909179688	763.1624145507812	31825.0	611.286279296875	1108.28125	153.70242309570312	74.41603650571778
sub-ODP14_task-rest_bold	0.0005573604060913705	0.0045634287817258885	1	19.907395771836743	1.243279548520408	0.9794771965816332	0.5195526034318538	1540.6650390625	0.19063919805008436	90	45.68527918781726	1.7518085769973106	1.6776066666666667	1.9229900000000002	1.6548290643252648	0.021605	-0.012757740914821625	0.017643576487898827	197	64	64	39	4.753046727853518	2.5	3.0	3.0	3.509999990463257	49.971153795528586	9.151493179242875	33.948299407958984	15.299491882324219	95999.0	7.761421203613281	116.84822006225536	57.677215576171875	3.391637938837037	93.68238013611304	644.1199340820312	615.3502197265625	29013.0	498.0182678222656	911.2487060546873	129.46214294433594	87.93058457737789
sub-ODP15_task-rest_bold	0.0019277664974619289	0.006280270152284264	1	28.479964752602044	1.167927821173469	0.9813058768877552	0.5374550762486476	1234.947998046875	0.42261515040453584	175	88.83248730964468	1.9145350823995064	1.83206	2.0590466666666667	1.8524985805318528	0.0654406	-0.008810563944280148	0.027879491448402405	197	64	64	39	3.83724168470446	2.5	3.0	3.0	3.509999990463257	58.233153958043204	10.739460690605682	35.25285339355469	17.248729705810547	90653.0	7.527918815612793	113.5451736450195	65.56504821777344	1.330350883818693	116.7756471138126	664.8444213867188	626.776611328125	33288.0	477.0037902832031	1019.2154693603512	163.33795166015625	58.693146471632645
